{"filesMd5":[{"page":"/mediator/index.js","md5":"27e067249d06a956a600049313044f4b"},{"page":"/pages/diandian/account/login.js","md5":"407cdb15aa2713c9b18f5f92af548f83"},{"page":"/pages/diandian/index/index.js","md5":"ad38cc76ee605c0a2440406f38930db0"},{"page":"/pages/diandian/wallet/history.js","md5":"43a4bfc5b000388c99ec3f40082b7187"},{"page":"/pages/diandian/task/allTasks.js","md5":"57001fa9d3d169b6f40bcc84c1bc52aa"},{"page":"/pages/diandian/account/register.js","md5":"c238fd2ed301beb3539296c960a3a191"},{"page":"/pages/diandian/member/pay.js","md5":"7d60ded2581a9436768e61f2b1508412"},{"page":"/pages/diandian/mine/card.js","md5":"8c61bb09ac809bf0f97dbad53e3c945b"},{"page":"/pages/diandian/mine/settings.js","md5":"f726fc85fbe9a1e45f820060ec2de7dd"},{"page":"/pages/diandian/wallet/reward.js","md5":"7577652de43184817494246239fb410f"},{"page":"/pages/diandian/task/taskDetail.js","md5":"06d5c11f0a0e19a5c3388dd001007c65"},{"page":"/pages/diandian/member/members.js","md5":"972a14fbfe2fe3dff5dd37f33d9f8400"},{"page":"/pages/diandian/mine/viewTask.js","md5":"749a74f28766724551d821e1a4fc4e3f"},{"page":"/config/index.js","md5":"024becdf0bdf43cb5cb0a8b82e4f1184"},{"page":"/pages/diandian/index/entry.js","md5":"897d1ef89e930c4c8c79e132e9ccd86a"},{"page":"/iconfont/font_1469606063_76593.ttf","md5":"7f64b407dbb118b2bf74aae8488f115e"},{"page":"/iconfont/font_1469606522_9417143.woff","md5":"8d34182774fbf5de6d7192ca76027faa"},{"page":"/iconfont/font_zn5b3jswpofuhaor.ttf","md5":"dc3b4b0978d180d7f122e74d2f3f2f51"},{"page":"/iconfont/iconfont-eros.ttf","md5":"68780fad0047dc5b02cb613ebb08cda1"},{"page":"/iconfont/iconfont.ttf","md5":"ec86bfe5bdb872bad2b2af4f11da14f4"},{"page":"/assets/TabBar_Item1@2x.png","md5":"9f1edde3e3c493125aa1526aaf72e73d"},{"page":"/assets/TabBar_Item1_Selected@2x.png","md5":"d5e7609700d9a4f075e39b20fecbb9c3"},{"page":"/assets/TabBar_Item2@2x.png","md5":"6774d4074d376d716a5c9f447c6a3efd"},{"page":"/assets/TabBar_Item2_Selected@2x.png","md5":"e1ae4f456c18ccee39b3dd1fe7801994"},{"page":"/assets/TabBar_Item3@2x.png","md5":"c74d71c755710384145dc30922c21a3b"},{"page":"/assets/TabBar_Item3_Selected@2x.png","md5":"457d615a5c198b0148609f5eed84be70"},{"page":"/assets/demo.jpg","md5":"ad0a76ef138304056020d234c3217aeb"},{"page":"/assets/test.html","md5":"f97b2e7d63e6ec41fed696ffdec1b7d5"},{"page":"/assets/chart/bm-chart.html","md5":"3949d7966caf98f2b75d916107049393"},{"page":"/assets/chart/bmap.min.js","md5":"a0e601995c75bf3e826ff31c49874941"},{"page":"/assets/chart/echarts.min.js","md5":"772e6fd69e21fb6f6497a1939d948828"}],"android":"1.0.0","iOS":"1.0.0","appName":"diandian","jsVersion":"54571de889c56986bc85ccaf7ebb8543","timestamp":1559224703467,"jsPath":"https://app.weex-eros.com/source"}
