{"filesMd5":[{"page":"/mediator/index.js","md5":"27e067249d06a956a600049313044f4b"},{"page":"/pages/diandian/account/login.js","md5":"ae8b26bfdff75025d845acc71896a64c"},{"page":"/pages/diandian/wallet/history.js","md5":"0c4c419e4d65f07a0d9e9c9cd702dccb"},{"page":"/pages/diandian/task/allTasks.js","md5":"19622a37ad0a0dcf36a75894c86f363c"},{"page":"/pages/diandian/account/register.js","md5":"696e82cabd2d7eb452db69cf01a4c0cc"},{"page":"/pages/diandian/member/pay.js","md5":"1cec863455f52811db271e3871e9318c"},{"page":"/pages/diandian/mine/card.js","md5":"c489e17343daa63299cf9f4a09cfa3c4"},{"page":"/pages/diandian/mine/settings.js","md5":"1d80ed4dbace5f47875507a628ab832c"},{"page":"/pages/diandian/wallet/reward.js","md5":"bc8e952e81c65fc309ac00a9414d054a"},{"page":"/pages/diandian/task/taskDetail.js","md5":"f3534344bdcc9bb59ffdff5df468a3ec"},{"page":"/pages/diandian/member/members.js","md5":"38a0c6b08b86c1196b5424b5105f963f"},{"page":"/pages/diandian/mine/viewTask.js","md5":"46ef59feb8f163734f3d069e6a0d44b6"},{"page":"/config/index.js","md5":"47966e804be630e8b98b72ab9a62a9e2"},{"page":"/pages/diandian/index/entry.js","md5":"d7ad46820869991c2743168045cc7359"},{"page":"/iconfont/font_1469606063_76593.ttf","md5":"7f64b407dbb118b2bf74aae8488f115e"},{"page":"/iconfont/font_1469606522_9417143.woff","md5":"8d34182774fbf5de6d7192ca76027faa"},{"page":"/iconfont/font_zn5b3jswpofuhaor.ttf","md5":"dc3b4b0978d180d7f122e74d2f3f2f51"},{"page":"/iconfont/iconfont-eros.ttf","md5":"68780fad0047dc5b02cb613ebb08cda1"},{"page":"/iconfont/iconfont.ttf","md5":"ec86bfe5bdb872bad2b2af4f11da14f4"},{"page":"/assets/TabBar_Item1@2x.png","md5":"9f1edde3e3c493125aa1526aaf72e73d"},{"page":"/assets/TabBar_Item1_Selected@2x.png","md5":"d5e7609700d9a4f075e39b20fecbb9c3"},{"page":"/assets/TabBar_Item2@2x.png","md5":"6774d4074d376d716a5c9f447c6a3efd"},{"page":"/assets/TabBar_Item2_Selected@2x.png","md5":"e1ae4f456c18ccee39b3dd1fe7801994"},{"page":"/assets/TabBar_Item3@2x.png","md5":"c74d71c755710384145dc30922c21a3b"},{"page":"/assets/TabBar_Item3_Selected@2x.png","md5":"457d615a5c198b0148609f5eed84be70"},{"page":"/assets/demo.jpg","md5":"ad0a76ef138304056020d234c3217aeb"},{"page":"/assets/test.html","md5":"f97b2e7d63e6ec41fed696ffdec1b7d5"},{"page":"/assets/chart/bm-chart.html","md5":"3949d7966caf98f2b75d916107049393"},{"page":"/assets/chart/bmap.min.js","md5":"a0e601995c75bf3e826ff31c49874941"},{"page":"/assets/chart/echarts.min.js","md5":"772e6fd69e21fb6f6497a1939d948828"}],"android":"1.0.0","iOS":"1.0.0","appName":"diandian","jsVersion":"0f3e3879d9bcbe3f963184a3ad23e44a","timestamp":1558368218563,"jsPath":"https://app.weex-eros.com/source"}
