{"filesMd5":[{"page":"/mediator/index.js","md5":"797049aa084704d82f842a1e3b2322ea"},{"page":"/pages/diandian/index/index.js","md5":"71d3e1c7372f4cc2849a167582fb3d33"},{"page":"/pages/diandian/wallet/history.js","md5":"71cdf8f3de0a4fcfded8cd0e49e67d67"},{"page":"/pages/diandian/task/allTasks.js","md5":"6d9d06924d6c9562bc82cb7182e3d847"},{"page":"/pages/diandian/member/pay.js","md5":"7aadaa4838eaad7baeca0e0243becc0c"},{"page":"/pages/diandian/mine/card.js","md5":"d53c9dfcdee7599afd852416e0bfacc5"},{"page":"/pages/diandian/mine/settings.js","md5":"4e16620df920f0ec0d199ec1c1638e00"},{"page":"/pages/diandian/task/taskDetail.js","md5":"f55bc8c312ab6d4e8c55774d4cb71d92"},{"page":"/pages/diandian/wallet/reward.js","md5":"5cc37ac192111e22d3dab4b8b7bb76b0"},{"page":"/pages/diandian/account/account.js","md5":"56bae4008ed8d043bc0321ed877b94c4"},{"page":"/pages/diandian/member/members.js","md5":"806ced45a9428c3790220d4383a3b77f"},{"page":"/pages/diandian/mine/viewTask.js","md5":"3a5d2166e92d643a6a31ca57ad98e476"},{"page":"/config/index.js","md5":"87618aa9a67748ac51abfa19bd0bafa0"},{"page":"/pages/diandian/index/entry.js","md5":"3bb5012949583c6ded18f50076c99b87"},{"page":"/iconfont/font_1469606063_76593.ttf","md5":"7f64b407dbb118b2bf74aae8488f115e"},{"page":"/iconfont/font_1469606522_9417143.woff","md5":"8d34182774fbf5de6d7192ca76027faa"},{"page":"/iconfont/font_zn5b3jswpofuhaor.ttf","md5":"dc3b4b0978d180d7f122e74d2f3f2f51"},{"page":"/iconfont/iconfont-eros.ttf","md5":"68780fad0047dc5b02cb613ebb08cda1"},{"page":"/iconfont/iconfont.ttf","md5":"ec86bfe5bdb872bad2b2af4f11da14f4"},{"page":"/assets/TabBar_Item1@2x.png","md5":"9f1edde3e3c493125aa1526aaf72e73d"},{"page":"/assets/TabBar_Item1_Selected@2x.png","md5":"d5e7609700d9a4f075e39b20fecbb9c3"},{"page":"/assets/TabBar_Item2@2x.png","md5":"6774d4074d376d716a5c9f447c6a3efd"},{"page":"/assets/TabBar_Item2_Selected@2x.png","md5":"e1ae4f456c18ccee39b3dd1fe7801994"},{"page":"/assets/TabBar_Item3@2x.png","md5":"c74d71c755710384145dc30922c21a3b"},{"page":"/assets/TabBar_Item3_Selected@2x.png","md5":"457d615a5c198b0148609f5eed84be70"},{"page":"/assets/demo.jpg","md5":"ad0a76ef138304056020d234c3217aeb"},{"page":"/assets/test.html","md5":"f97b2e7d63e6ec41fed696ffdec1b7d5"},{"page":"/assets/chart/bm-chart.html","md5":"3949d7966caf98f2b75d916107049393"},{"page":"/assets/chart/bmap.min.js","md5":"a0e601995c75bf3e826ff31c49874941"},{"page":"/assets/chart/echarts.min.js","md5":"772e6fd69e21fb6f6497a1939d948828"}],"android":"1.0.0","iOS":"1.0.0","appName":"diandian","jsVersion":"3832d3f2db23861500c87bec40f480fe","timestamp":1564193873903,"jsPath":"https://app.weex-eros.com/source"}
