{"filesMd5":[{"page":"/mediator/index.js","md5":"27e067249d06a956a600049313044f4b"},{"page":"/pages/diandian/index/index.js","md5":"ad38cc76ee605c0a2440406f38930db0"},{"page":"/pages/diandian/wallet/history.js","md5":"eee445a12df2671218df98cda0d94874"},{"page":"/pages/diandian/task/allTasks.js","md5":"57001fa9d3d169b6f40bcc84c1bc52aa"},{"page":"/pages/diandian/member/pay.js","md5":"75f1e948e24cc5f78320e21375e4abfd"},{"page":"/pages/diandian/mine/card.js","md5":"0371b9ba38fb0bf4fcfc01c05350bd52"},{"page":"/pages/diandian/mine/settings.js","md5":"d2769a8375187cb586b5977420abd171"},{"page":"/pages/diandian/wallet/reward.js","md5":"1d3d5a11715bb80a8f8a2d3c199c0a3d"},{"page":"/pages/diandian/account/account.js","md5":"be412da2e8630bcc9449c2f661bde88f"},{"page":"/pages/diandian/task/taskDetail.js","md5":"8cb13dc274980dcf085a9701c99489c2"},{"page":"/pages/diandian/member/members.js","md5":"b1cf3f9df52a056030dea319b19937de"},{"page":"/pages/diandian/mine/viewTask.js","md5":"581010df4f8e2d1a95fbc61257815b9c"},{"page":"/config/index.js","md5":"880ecd01541b65d51de8fea48851bcc4"},{"page":"/pages/diandian/index/entry.js","md5":"62e003975f4ae4b7e47fbd0baf9e8cf4"},{"page":"/iconfont/font_1469606063_76593.ttf","md5":"7f64b407dbb118b2bf74aae8488f115e"},{"page":"/iconfont/font_1469606522_9417143.woff","md5":"8d34182774fbf5de6d7192ca76027faa"},{"page":"/iconfont/font_zn5b3jswpofuhaor.ttf","md5":"dc3b4b0978d180d7f122e74d2f3f2f51"},{"page":"/iconfont/iconfont-eros.ttf","md5":"68780fad0047dc5b02cb613ebb08cda1"},{"page":"/iconfont/iconfont.ttf","md5":"ec86bfe5bdb872bad2b2af4f11da14f4"},{"page":"/assets/TabBar_Item1@2x.png","md5":"9f1edde3e3c493125aa1526aaf72e73d"},{"page":"/assets/TabBar_Item1_Selected@2x.png","md5":"d5e7609700d9a4f075e39b20fecbb9c3"},{"page":"/assets/TabBar_Item2@2x.png","md5":"6774d4074d376d716a5c9f447c6a3efd"},{"page":"/assets/TabBar_Item2_Selected@2x.png","md5":"e1ae4f456c18ccee39b3dd1fe7801994"},{"page":"/assets/TabBar_Item3@2x.png","md5":"c74d71c755710384145dc30922c21a3b"},{"page":"/assets/TabBar_Item3_Selected@2x.png","md5":"457d615a5c198b0148609f5eed84be70"},{"page":"/assets/demo.jpg","md5":"ad0a76ef138304056020d234c3217aeb"},{"page":"/assets/test.html","md5":"f97b2e7d63e6ec41fed696ffdec1b7d5"},{"page":"/assets/chart/bm-chart.html","md5":"3949d7966caf98f2b75d916107049393"},{"page":"/assets/chart/bmap.min.js","md5":"a0e601995c75bf3e826ff31c49874941"},{"page":"/assets/chart/echarts.min.js","md5":"772e6fd69e21fb6f6497a1939d948828"}],"android":"1.0.0","iOS":"1.0.0","appName":"diandian","jsVersion":"bc51ad7b17dab156c180a7538a41aabd","timestamp":1559970140076,"jsPath":"https://app.weex-eros.com/source"}
