{"filesMd5":[{"page":"/mediator/index.js","md5":"27e067249d06a956a600049313044f4b"},{"page":"/pages/diandian/account/login.js","md5":"407cdb15aa2713c9b18f5f92af548f83"},{"page":"/pages/diandian/index/index.js","md5":"ad38cc76ee605c0a2440406f38930db0"},{"page":"/pages/diandian/wallet/history.js","md5":"ad81fd570e6a0d816d7950aaae106718"},{"page":"/pages/diandian/task/allTasks.js","md5":"57001fa9d3d169b6f40bcc84c1bc52aa"},{"page":"/pages/diandian/account/register.js","md5":"0132ec5eb9947e3e141dde2da4b37cef"},{"page":"/pages/diandian/member/pay.js","md5":"a88b704b8582f0526c9e344ee0d5fd82"},{"page":"/pages/diandian/mine/card.js","md5":"732cf2fc06ac2076dc39ed0fe81e967f"},{"page":"/pages/diandian/mine/settings.js","md5":"5ae4628f29fa95fb1caa4049c6241220"},{"page":"/pages/diandian/wallet/reward.js","md5":"c5c396c5609e888ba70e9f1417617102"},{"page":"/pages/diandian/task/taskDetail.js","md5":"932169fb944bb24b9248a6bf7d5eab82"},{"page":"/pages/diandian/member/members.js","md5":"7a8f7262690764f7aeb425c3680e7562"},{"page":"/pages/diandian/mine/viewTask.js","md5":"e2cec498824c57758ed53fdc3c880aea"},{"page":"/config/index.js","md5":"024becdf0bdf43cb5cb0a8b82e4f1184"},{"page":"/pages/diandian/index/entry.js","md5":"025e2b681ed4c3cb6c86a0cde805e566"},{"page":"/iconfont/font_1469606063_76593.ttf","md5":"7f64b407dbb118b2bf74aae8488f115e"},{"page":"/iconfont/font_1469606522_9417143.woff","md5":"8d34182774fbf5de6d7192ca76027faa"},{"page":"/iconfont/font_zn5b3jswpofuhaor.ttf","md5":"dc3b4b0978d180d7f122e74d2f3f2f51"},{"page":"/iconfont/iconfont-eros.ttf","md5":"68780fad0047dc5b02cb613ebb08cda1"},{"page":"/iconfont/iconfont.ttf","md5":"ec86bfe5bdb872bad2b2af4f11da14f4"},{"page":"/assets/TabBar_Item1@2x.png","md5":"9f1edde3e3c493125aa1526aaf72e73d"},{"page":"/assets/TabBar_Item1_Selected@2x.png","md5":"d5e7609700d9a4f075e39b20fecbb9c3"},{"page":"/assets/TabBar_Item2@2x.png","md5":"6774d4074d376d716a5c9f447c6a3efd"},{"page":"/assets/TabBar_Item2_Selected@2x.png","md5":"e1ae4f456c18ccee39b3dd1fe7801994"},{"page":"/assets/TabBar_Item3@2x.png","md5":"c74d71c755710384145dc30922c21a3b"},{"page":"/assets/TabBar_Item3_Selected@2x.png","md5":"457d615a5c198b0148609f5eed84be70"},{"page":"/assets/demo.jpg","md5":"ad0a76ef138304056020d234c3217aeb"},{"page":"/assets/test.html","md5":"f97b2e7d63e6ec41fed696ffdec1b7d5"},{"page":"/assets/chart/bm-chart.html","md5":"3949d7966caf98f2b75d916107049393"},{"page":"/assets/chart/bmap.min.js","md5":"a0e601995c75bf3e826ff31c49874941"},{"page":"/assets/chart/echarts.min.js","md5":"772e6fd69e21fb6f6497a1939d948828"}],"android":"1.0.0","iOS":"1.0.0","appName":"diandian","jsVersion":"9c9a147c69b48062889cc2f719a1ff0b","timestamp":1558630855323,"jsPath":"https://app.weex-eros.com/source"}
