{"filesMd5":[{"page":"/mediator/index.js","md5":"797049aa084704d82f842a1e3b2322ea"},{"page":"/pages/diandian/index/index.js","md5":"71d3e1c7372f4cc2849a167582fb3d33"},{"page":"/pages/diandian/wallet/history.js","md5":"7d9c351ab7de024495209a9d05fc47b0"},{"page":"/pages/diandian/task/allTasks.js","md5":"3405adc0f7c0cb6905631451f249e791"},{"page":"/pages/diandian/member/pay.js","md5":"6a583d8cee0280c9012fb72069a9da2f"},{"page":"/pages/diandian/mine/card.js","md5":"1d308b5d8e9882551963ffcd6773a560"},{"page":"/pages/diandian/mine/settings.js","md5":"f534e0a576be6c5a35fd61d02e96eb92"},{"page":"/pages/diandian/mine/subAccount.js","md5":"7da383ebf1910a55cc087bd4da4420d4"},{"page":"/pages/diandian/task/taskDetail.js","md5":"3af13610317712cd8f581bc969155f47"},{"page":"/pages/diandian/wallet/reward.js","md5":"9adf99455d5c6d517230b8340e8556a8"},{"page":"/pages/diandian/account/account.js","md5":"121f36bb03b55bd319fed15d711e1b47"},{"page":"/pages/diandian/member/members.js","md5":"45e78aff5959913eca23517eaa8a816d"},{"page":"/pages/diandian/mine/viewTask.js","md5":"442dccdf9b5626aa1c9f8707538d55f1"},{"page":"/config/index.js","md5":"53230c3802b3aecf3aee3bbc6bd73641"},{"page":"/pages/diandian/index/entry.js","md5":"cade8afdea33f3deda5cb6e6211ee7a5"},{"page":"/iconfont/font_1469606063_76593.ttf","md5":"7f64b407dbb118b2bf74aae8488f115e"},{"page":"/iconfont/font_1469606522_9417143.woff","md5":"8d34182774fbf5de6d7192ca76027faa"},{"page":"/iconfont/font_zn5b3jswpofuhaor.ttf","md5":"dc3b4b0978d180d7f122e74d2f3f2f51"},{"page":"/iconfont/iconfont-eros.ttf","md5":"68780fad0047dc5b02cb613ebb08cda1"},{"page":"/iconfont/iconfont.ttf","md5":"ec86bfe5bdb872bad2b2af4f11da14f4"},{"page":"/assets/TabBar_Item1@2x.png","md5":"9f1edde3e3c493125aa1526aaf72e73d"},{"page":"/assets/TabBar_Item1_Selected@2x.png","md5":"d5e7609700d9a4f075e39b20fecbb9c3"},{"page":"/assets/TabBar_Item2@2x.png","md5":"6774d4074d376d716a5c9f447c6a3efd"},{"page":"/assets/TabBar_Item2_Selected@2x.png","md5":"e1ae4f456c18ccee39b3dd1fe7801994"},{"page":"/assets/TabBar_Item3@2x.png","md5":"c74d71c755710384145dc30922c21a3b"},{"page":"/assets/TabBar_Item3_Selected@2x.png","md5":"457d615a5c198b0148609f5eed84be70"},{"page":"/assets/demo.jpg","md5":"ad0a76ef138304056020d234c3217aeb"},{"page":"/assets/test.html","md5":"f97b2e7d63e6ec41fed696ffdec1b7d5"},{"page":"/assets/chart/bm-chart.html","md5":"3949d7966caf98f2b75d916107049393"},{"page":"/assets/chart/bmap.min.js","md5":"a0e601995c75bf3e826ff31c49874941"},{"page":"/assets/chart/echarts.min.js","md5":"772e6fd69e21fb6f6497a1939d948828"}],"android":"1.0.0","iOS":"1.0.0","appName":"diandian","jsVersion":"9b782961c4a5f3504a76f46ec522f7fa","timestamp":1568785283811,"jsPath":"https://app.weex-eros.com/source"}
