{"filesMd5":[{"page":"/mediator/index.js","md5":"971f06230a64f23593d090d6efad1ddd"},{"page":"/pages/diandian/account/login.js","md5":"4a4f49d5b9a5214547c5aed7a09789f7"},{"page":"/pages/diandian/wallet/history.js","md5":"c1d800854f1c325a4ba36ad594044d03"},{"page":"/pages/diandian/task/allTasks.js","md5":"af06e3447b2ea7eb9992021ad52eb942"},{"page":"/pages/diandian/account/register.js","md5":"6d53165299fe7bbe3bd67e78d9049824"},{"page":"/pages/diandian/member/pay.js","md5":"1cec863455f52811db271e3871e9318c"},{"page":"/pages/diandian/mine/settings.js","md5":"b723fd049e68abd99880ec7c19d397bd"},{"page":"/pages/diandian/wallet/reward.js","md5":"2399549746526fccdb0bb173d6c321be"},{"page":"/pages/diandian/task/taskDetail.js","md5":"362a9e44b60dc86cd52080d614d6d9b9"},{"page":"/pages/diandian/member/members.js","md5":"23528bd0b27db15ab795e70ae25693c9"},{"page":"/pages/diandian/mine/viewTask.js","md5":"038e6c4facfd000e422a6cd993ba6b2d"},{"page":"/config/index.js","md5":"f1abd66b518481beeaef60d43c22fc80"},{"page":"/pages/diandian/index/entry.js","md5":"fef891d98ee0c87bbc6b6bdef340df63"},{"page":"/iconfont/font_1469606063_76593.ttf","md5":"7f64b407dbb118b2bf74aae8488f115e"},{"page":"/iconfont/font_1469606522_9417143.woff","md5":"8d34182774fbf5de6d7192ca76027faa"},{"page":"/iconfont/font_zn5b3jswpofuhaor.ttf","md5":"dc3b4b0978d180d7f122e74d2f3f2f51"},{"page":"/iconfont/iconfont-eros.ttf","md5":"68780fad0047dc5b02cb613ebb08cda1"},{"page":"/iconfont/iconfont.ttf","md5":"ec86bfe5bdb872bad2b2af4f11da14f4"},{"page":"/assets/TabBar_Item1@2x.png","md5":"9f1edde3e3c493125aa1526aaf72e73d"},{"page":"/assets/TabBar_Item1_Selected@2x.png","md5":"d5e7609700d9a4f075e39b20fecbb9c3"},{"page":"/assets/TabBar_Item2@2x.png","md5":"6774d4074d376d716a5c9f447c6a3efd"},{"page":"/assets/TabBar_Item2_Selected@2x.png","md5":"e1ae4f456c18ccee39b3dd1fe7801994"},{"page":"/assets/TabBar_Item3@2x.png","md5":"c74d71c755710384145dc30922c21a3b"},{"page":"/assets/TabBar_Item3_Selected@2x.png","md5":"457d615a5c198b0148609f5eed84be70"},{"page":"/assets/demo.jpg","md5":"ad0a76ef138304056020d234c3217aeb"},{"page":"/assets/test.html","md5":"f97b2e7d63e6ec41fed696ffdec1b7d5"},{"page":"/assets/chart/bm-chart.html","md5":"3949d7966caf98f2b75d916107049393"},{"page":"/assets/chart/bmap.min.js","md5":"a0e601995c75bf3e826ff31c49874941"},{"page":"/assets/chart/echarts.min.js","md5":"772e6fd69e21fb6f6497a1939d948828"}],"android":"1.0.0","iOS":"1.0.0","appName":"diandian","jsVersion":"56216be1c32ab2344ce8d0949035556e","timestamp":1558148090737,"jsPath":"https://app.weex-eros.com/source"}
