{"filesMd5":[{"page":"/mediator/index.js","md5":"cef68383dabd0955af50b3496047ddfd"},{"page":"/pages/diandian/account/login.js","md5":"c21e91df6457e27888025ee8d1e9c6e1"},{"page":"/pages/diandian/wallet/history.js","md5":"d75ba74fc04a2fca1e532332572b4bdd"},{"page":"/pages/diandian/task/allTasks.js","md5":"e4fef88505b93e8cac14acefeb9e2856"},{"page":"/pages/diandian/account/register.js","md5":"9b23af45e7ffa3d36ee04da2df32a3e5"},{"page":"/pages/diandian/member/pay.js","md5":"7b21d0491209d3abea09b874181ea53e"},{"page":"/pages/diandian/mine/settings.js","md5":"1349f02930206b25ad946ff061f1c280"},{"page":"/pages/diandian/wallet/reward.js","md5":"b29b808cfd72e51f7087ef5319cf0c8f"},{"page":"/pages/diandian/task/taskDetail.js","md5":"e701f14bfe3ebc9b4c84d63d5a45c70c"},{"page":"/pages/diandian/member/members.js","md5":"049790172c36695e25d1a55dcd0a272e"},{"page":"/pages/diandian/mine/viewTask.js","md5":"1825b65162a77653018594b59a22ed67"},{"page":"/config/index.js","md5":"35fda7652f618da14e604e54668207ae"},{"page":"/pages/diandian/index/entry.js","md5":"61c1fc63755821180162fbdf61ffb336"},{"page":"/iconfont/font_1469606063_76593.ttf","md5":"7f64b407dbb118b2bf74aae8488f115e"},{"page":"/iconfont/font_1469606522_9417143.woff","md5":"8d34182774fbf5de6d7192ca76027faa"},{"page":"/iconfont/font_zn5b3jswpofuhaor.ttf","md5":"dc3b4b0978d180d7f122e74d2f3f2f51"},{"page":"/iconfont/iconfont-eros.ttf","md5":"68780fad0047dc5b02cb613ebb08cda1"},{"page":"/iconfont/iconfont.ttf","md5":"ec86bfe5bdb872bad2b2af4f11da14f4"},{"page":"/assets/TabBar_Item1@2x.png","md5":"9f1edde3e3c493125aa1526aaf72e73d"},{"page":"/assets/TabBar_Item1_Selected@2x.png","md5":"d5e7609700d9a4f075e39b20fecbb9c3"},{"page":"/assets/TabBar_Item2@2x.png","md5":"6774d4074d376d716a5c9f447c6a3efd"},{"page":"/assets/TabBar_Item2_Selected@2x.png","md5":"e1ae4f456c18ccee39b3dd1fe7801994"},{"page":"/assets/TabBar_Item3@2x.png","md5":"c74d71c755710384145dc30922c21a3b"},{"page":"/assets/TabBar_Item3_Selected@2x.png","md5":"457d615a5c198b0148609f5eed84be70"},{"page":"/assets/demo.jpg","md5":"ad0a76ef138304056020d234c3217aeb"},{"page":"/assets/test.html","md5":"f97b2e7d63e6ec41fed696ffdec1b7d5"},{"page":"/assets/chart/bm-chart.html","md5":"3949d7966caf98f2b75d916107049393"},{"page":"/assets/chart/bmap.min.js","md5":"a0e601995c75bf3e826ff31c49874941"},{"page":"/assets/chart/echarts.min.js","md5":"772e6fd69e21fb6f6497a1939d948828"}],"android":"1.0.0","iOS":"1.0.0","appName":"diandian","jsVersion":"db2822e3f85568340ed49f35224bd64c","timestamp":1557589736312,"jsPath":"https://app.weex-eros.com/source"}
